Workbook

Sheet Tabelle1

Sheet Q1 Sales Data
A1: Test | B1: Marke | C1: Modell | D1: Kategorie | E1: Verkaufte Einheiten | F1: Stückpreis | G1: Bruttogewinn | H1: Verkäufer | I1: Standort | J1: Premium-Deal | L1: Marke | M1: Gesamtumsatz (Bruttogewinn)
A2: 01.01.2026 | B2: Volta | C2: Scout SUV | D2: SUV | E2: 4 | F2: 40297 | G2: 17731 | H2: Lisa Braun | I2: Hamburg | J2: =OR(D2="Coupé",F2>=70000) -> FALSE | L2: Contoso EV | M2: =SUMIF(B:B,L2,G:G) -> 1137437
A3: 01.01.2026 | B3: Meridian | C3: Crown SUV | D3: SUV | E3: 1 | F3: 65856 | G3: 5268 | H3: Anna Schmidt | I3: München | J3: =OR(D3="Coupé",F3>=70000) -> FALSE | L3: Meridian | M3: =SUMIF(B:B,L3,G:G) -> 1474685
A4: 01.01.2026 | B4: Contoso EV | C4: Bolt Mini | D4: EV | E4: 2 | F4: 29337 | G4: 4694 | H4: Julia Hoffmann | I4: Berlin | J4: =OR(D4="Coupé",F4>=70000) -> FALSE | L4: Volta | M4: =SUMIF(B:B,L4,G:G) -> 957407
A5: 06.01.2026 | B5: Contoso EV | C5: Apex GT | D5: EV | E5: 1 | F5: 90806 | G5: 8173 | H5: Michael Weber | I5: München | J5: =OR(D5="Coupé",F5>=70000) -> TRUE
A6: 02.01.2026 | B6: Volta | C6: Scout SUV | D6: SUV | E6: 4 | F6: 40297 | G6: 20954 | H6: Markus Wagner | I6: Wien | J6: =OR(D6="Coupé",F6>=70000) -> FALSE | L6: Höchster Umsatz: | M6: =MAX(M2:M4) -> 1474685 | N6: =INDEX(L2:L4,MATCH(M6,M2:M4,0)) -> Meridian
A7: 03.01.2026 | B7: Contoso EV | C7: Zephyr S | D7: EV | E7: 2 | F7: 44333 | G7: 11527 | H7: Klaus Bauer | I7: Hamburg | J7: =OR(D7="Coupé",F7>=70000) -> FALSE
A8: 07.01.2026 | B8: Contoso EV | C8: Apex GT | D8: EV | E8: 1 | F8: 90806 | G8: 8173 | H8: Michael Weber | I8: Berlin | J8: =OR(D8="Coupé",F8>=70000) -> TRUE
A9: 05.01.2026 | B9: Volta | C9: Edge Pickup | D9: Pickup | E9: 1 | F9: 48548 | G9: 6797 | H9: Julia Hoffmann | I9: Hamburg | J9: =OR(D9="Coupé",F9>=70000) -> FALSE
A10: 05.01.2026 | B10: Contoso EV | C10: Bolt Mini | D10: EV | E10: 1 | F10: 29337 | G10: 2347 | H10: Klaus Bauer | I10: Berlin | J10: =OR(D10="Coupé",F10>=70000) -> FALSE
A11: 05.01.2026 | B11: Volta | C11: Blaze Sedan | D11: Limousine | E11: 3 | F11: 35410 | G11: 11685 | H11: Lisa Braun | I11: Berlin | J11: =OR(D11="Coupé",F11>=70000) -> FALSE
A12: 06.01.2026 | B12: Contoso EV | C12: Zephyr S | D12: EV | E12: 1 | F12: 44333 | G12: 5763 | H12: Thomas Müller | I12: München | J12: =OR(D12="Coupé",F12>=70000) -> FALSE
A13: 06.01.2026 | B13: Meridian | C13: Crown SUV | D13: SUV | E13: 3 | F13: 65856 | G13: 25684 | H13: Michael Weber | I13: Berlin | J13: =OR(D13="Coupé",F13>=70000) -> FALSE
A14: 10.01.2026 | B14: Contoso EV | C14: Apex GT | D14: EV | E14: 3 | F14: 90806 | G14: 32690 | H14: Michael Weber | I14: Hamburg | J14: =OR(D14="Coupé",F14>=70000) -> TRUE
A15: 18.01.2026 | B15: Contoso EV | C15: Apex GT | D15: EV | E15: 3 | F15: 90806 | G15: 24518 | H15: Thomas Müller | I15: Zürich | J15: =OR(D15="Coupé",F15>=70000) -> TRUE
A16: 25.01.2026 | B16: Contoso EV | C16: Apex GT | D16: EV | E16: 2 | F16: 90806 | G16: 18161 | H16: Klaus Bauer | I16: Zürich | J16: =OR(D16="Coupé",F16>=70000) -> TRUE
A17: 09.01.2026 | B17: Volta | C17: Edge Pickup | D17: Pickup | E17: 1 | F17: 48548 | G17: 6311 | H17: Lisa Braun | I17: Berlin | J17: =OR(D17="Coupé",F17>=70000) -> FALSE
A18: 09.01.2026 | B18: Volta | C18: Edge Pickup | D18: Pickup | E18: 4 | F18: 48548 | G18: 23303 | H18: Klaus Bauer | I18: München | J18: =OR(D18="Coupé",F18>=70000) -> FALSE
... A201: 29.03.2026 | B201: Volta | C201: Scout SUV | D201: SUV | E201: 2 | F201: 40297 | G201: 12089 | H201: Thomas Müller | I201: Zürich | J201: =OR(D201="Coupé",F201>=70000) -> FALSE

Sheet Stand-up Erkenntnisse
A1: 📊 Tägliches Stand-up – Q1 2026 Erkenntnisse
A2: Stand: 17. April 2026
A4: 🏆 Erkenntnis 1: Top-Verkäufer nach Umsatz
A5: Verkäufer | B5: Bruttogewinn | C5: Anzahl Verkäufe
A6: Markus Wagner | B6: =SUMIFS('Q1 Sales Data'!G:G,'Q1 Sales Data'!H:H,A6) -> 640316 | C6: =COUNTIF('Q1 Sales Data'!H:H,A6) -> 32
A7: Anna Schmidt | B7: =SUMIFS('Q1 Sales Data'!G:G,'Q1 Sales Data'!H:H,A7) -> 403019 | C7: =COUNTIF('Q1 Sales Data'!H:H,A7) -> 19
A8: Lisa Braun | B8: =SUMIFS('Q1 Sales Data'!G:G,'Q1 Sales Data'!H:H,A8) -> 495279 | C8: =COUNTIF('Q1 Sales Data'!H:H,A8) -> 25
A10: 📈 Erkenntnis 2: Monatlicher Umsatztrend
A11: Monat | B11: Bruttogewinn | C11: Verkaufte Einheiten
A12: 46023 | B12: {=SUMPRODUCT(('Q1 Sales Data'!G2:G201)*(MONTH('Q1 Sales Data'!A2:A201)=1))} -> 1411801 | C12: {=SUMPRODUCT(('Q1 Sales Data'!E2:E201)*(MONTH('Q1 Sales Data'!A2:A201)=1))} -> 213
A13: 46054 | B13: {=SUMPRODUCT(('Q1 Sales Data'!G2:G201)*(MONTH('Q1 Sales Data'!A2:A201)=2))} -> 1163179 | C13: {=SUMPRODUCT(('Q1 Sales Data'!E2:E201)*(MONTH('Q1 Sales Data'!A2:A201)=2))} -> 185
A14: März 2026 | B14: {=SUMPRODUCT(('Q1 Sales Data'!G2:G201)*(MONTH('Q1 Sales Data'!A2:A201)=3))} -> 994549 | C14: {=SUMPRODUCT(('Q1 Sales Data'!E2:E201)*(MONTH('Q1 Sales Data'!A2:A201)=3))} -> 153
A16: 💎 Erkenntnis 3: Premium-Deals Performance
A17: Metrik | B17: Wert
A18: Anzahl Premium-Deals | B18: =COUNTIF('Q1 Sales Data'!J:J,TRUE) -> 47
A19: Premium-Bruttogewinn | B19: =SUMIF('Q1 Sales Data'!J:J,TRUE,'Q1 Sales Data'!G:G) -> 1218865
A20: Anteil am Gesamtgewinn | B20: =SUMIF('Q1 Sales Data'!J:J,TRUE,'Q1 Sales Data'!G:G)/SUM('Q1 Sales Data'!G:G) -> 0.34146382
A21: Top Premium-Modell | B21: Contoso EV Apex GT (90.806 €)
